{"cameraMode":{"drawMode":0,"name":"Shaded","section":"Shading Mode"},"sceneLighting":true,"audioPlay":false,"sceneViewState":{"m_AlwaysRefresh":false,"showFog":true,"showSkybox":true,"showFlares":true,"showImageEffects":true,"showParticleSystems":true,"showVisualEffectGraphs":true,"m_FxEnabled":true},"in2DMode":false,"pivot":{"x":2.228066921234131,"y":1.7504929304122925,"z":-1.4818137884140015},"rotation":{"x":-0.12664546072483064,"y":0.6482194662094116,"z":-0.11053350567817688,"w":-0.7426742315292358},"size":0.2823103070259094,"orthographic":false}